,city_name,Cloudiness,Country,Date,Humidity,Lat,Lng,Max_Temp,Wind_Speed
0,Busselton,0,AU,1552575308,40,-33.64,115.35,64.0,11.77
1,Hermanus,0,ZA,1552574807,68,-34.42,19.24,84.99,13.0
2,Ikalamavony,80,MG,1552575342,70,-21.17,46.6,71.5,3.38
3,Taoudenni,0,ML,1552575344,15,22.68,-3.98,86.4,11.77
4,Dubrovnik,75,HR,1552573800,76,42.65,18.09,51.8,6.93
5,Meulaboh,80,ID,1552575348,100,4.14,96.13,77.89,3.71
6,Dikson,80,RU,1552575350,100,73.51,80.55,6.88,20.27
7,Kodiak,90,US,1552575215,100,39.95,-94.76,39.99,20.8
8,Chuy,88,UY,1552575355,89,-33.69,-53.46,72.72,11.43
9,Georgetown,40,GY,1552572000,70,6.8,-58.16,84.2,13.87
10,Lazaro Cardenas,75,MX,1552575306,42,28.39,-105.62,54.0,5.82
11,Port Alfred,80,ZA,1552575305,86,-33.59,26.89,72.0,5.06
12,Barrow,68,AR,1552575364,76,-38.31,-60.23,70.06,9.75
13,Wukari,8,NG,1552575366,37,7.87,9.78,101.47,4.61
14,Port Elizabeth,1,US,1552575368,53,39.31,-74.98,61.0,3.36
15,Necochea,68,AR,1552575153,72,-38.55,-58.74,70.0,8.99
16,Tuatapere,0,NZ,1552575007,92,-46.13,167.69,43.0,1.99
17,Gat,0,SN,1552573800,8,14.69,-16.54,95.0,17.22
18,Butaritari,88,KI,1552575377,100,3.07,172.79,79.42,10.42
19,San Quintin,68,PH,1552575380,92,17.54,120.52,70.87,2.71
20,Solnechnyy,0,RU,1552575382,64,50.72,136.64,8.59,2.37
21,Muli,0,IN,1552575384,26,22.62,71.45,74.2,8.08
22,Ilulissat,75,GL,1552571400,65,69.22,-51.1,3.2,3.36
23,Atar,0,MR,1552575388,12,20.52,-13.05,88.65,13.0
24,Coari,36,BR,1552575390,73,-4.09,-63.14,86.35,7.52
25,Yellowknife,20,CA,1552575295,76,62.45,-114.38,-4.01,6.93
26,Leningradskiy,32,RU,1552575395,46,69.38,178.42,-15.62,6.51
27,Rikitea,100,PF,1552575397,100,-23.12,-134.97,75.19,19.04
28,Thompson,90,CA,1552572000,68,55.74,-97.86,24.8,9.17
29,Bluff,32,AU,1552575401,82,-23.58,149.07,72.67,2.93
30,Caravelas,0,BR,1552575404,100,-17.73,-39.27,83.74,15.46
31,East London,40,ZA,1552572000,73,-33.02,27.91,71.6,4.7
32,Kirakira,24,SB,1552575408,98,-10.46,161.92,84.37,5.06
33,Hithadhoo,0,MV,1552575410,100,-0.6,73.08,84.01,1.59
34,Narsaq,75,GL,1552571400,79,60.91,-46.05,19.4,6.93
35,San Jeronimo,90,PE,1552572000,70,-13.65,-73.37,48.2,5.82
36,Linhares,0,BR,1552575417,50,-19.38,-40.06,94.23,10.2
37,Terskaya,90,RU,1552573800,93,43.72,44.72,37.4,13.42
38,Kapaa,75,US,1552574765,83,22.08,-159.32,71.6,6.93
39,Bontang,20,ID,1552575423,100,0.12,117.47,78.07,0.58
40,Sao Gotardo,20,BR,1552575426,88,-19.31,-46.05,84.37,2.93
41,Victoria,75,BN,1552572000,78,5.28,115.24,80.6,6.93
42,Khatanga,24,RU,1552575431,61,71.98,102.47,4.27,13.44
43,Qaanaaq,24,GL,1552575433,100,77.48,-69.36,-12.02,10.42
44,Mahebourg,40,MU,1552575244,66,-20.41,57.7,84.2,10.29
45,Constitucion,5,MX,1552575016,55,23.99,-104.67,51.01,2.24
46,Haines Junction,24,CA,1552575439,80,60.75,-137.51,20.83,2.59
47,Hede,75,SE,1552575353,82,60.45,15.49,41.0,4.7
48,Castro,40,CL,1552572000,81,-42.48,-73.76,53.6,11.41
49,Surovatikha,0,RU,1552573800,50,55.77,43.9,30.2,6.71
50,Dunedin,24,NZ,1552575223,88,-45.87,170.5,55.99,5.01
51,Key West,90,US,1552575207,96,47.93,-96.78,33.8,28.86
52,Kurilsk,80,RU,1552575452,99,45.23,147.88,27.85,14.12
53,Am Timan,0,TD,1552575455,11,11.04,20.28,105.16,9.64
54,Avarua,36,CK,1552573800,83,-21.21,-159.78,78.8,17.22
55,Port Blair,0,IN,1552575429,100,11.67,92.75,81.0,6.17
56,Rudnichnyy,32,RU,1552575461,69,59.7,60.29,24.79,8.08
57,Bubaque,0,GW,1552575463,65,11.28,-15.83,89.86,9.08
58,Maun,40,BW,1552572000,21,-19.99,23.42,95.0,10.29
59,Lebu,48,ET,1552575467,56,8.96,38.73,66.1,4.5
60,Kavieng,76,PG,1552575470,100,-2.57,150.8,79.02,9.64
61,Tougan,0,BF,1552575472,19,13.07,-3.07,101.02,6.06
62,Puerto Ayora,0,EC,1552574754,74,-0.74,-90.35,78.8,8.05
63,Port Shepstone,92,ZA,1552575476,99,-30.74,30.45,74.97,11.21
64,Yuncheng,0,CN,1552575478,45,35.03,111.0,37.21,3.6
65,Jamestown,0,AU,1552575482,83,-33.21,138.6,46.75,3.15
66,Ushuaia,0,AR,1552572000,76,-54.81,-68.31,51.8,3.36
67,Mataura,0,NZ,1552575007,92,-46.19,168.86,43.0,1.99
68,Longyearbyen,40,NO,1552575000,64,78.22,15.63,-0.41,2.37
69,Atuona,76,PF,1552575491,100,-9.8,-139.03,81.22,15.12
70,Mayumba,76,GA,1552575493,100,-3.44,10.65,81.27,7.96
71,Paracuru,75,BR,1552575600,88,-3.41,-39.03,81.0,10.29
72,Punta Arenas,75,CL,1552575187,81,-53.16,-70.91,51.8,14.99
73,Hamilton,75,BM,1552575090,59,32.3,-64.78,62.01,8.05
74,Upernavik,64,GL,1552575502,100,72.79,-56.15,-1.67,1.92
75,Tukan,80,RU,1552575504,76,53.84,57.45,24.7,8.41
76,Francistown,20,BW,1552572000,35,-21.17,27.5,89.6,13.87
77,Richards Bay,0,ZA,1552575509,56,-28.77,32.06,83.74,8.75
78,Cape Town,0,ZA,1552575190,51,-33.93,18.42,84.99,17.22
79,Deputatskiy,44,RU,1552575513,27,69.3,139.9,-19.94,2.71
80,Bure,8,NG,1552575515,14,10.52,10.33,100.75,13.44
81,Cockburn Town,80,TC,1552575517,100,21.46,-71.14,74.56,19.6
82,Lima,0,PE,1552575129,78,-12.06,-77.04,80.01,3.36
83,Pacific Grove,1,US,1552575521,93,36.62,-121.92,46.0,0.69
84,Miri,0,NG,1552575524,16,10.31,9.75,97.83,10.65
85,Sale,75,GB,1552575496,57,53.42,-2.32,53.01,21.92
86,Brae,20,GB,1552573200,75,60.4,-1.35,44.6,11.41
87,Kyzyl-Suu,36,KG,1552575530,100,42.34,78.0,32.35,5.06
88,Kaitangata,24,NZ,1552575414,84,-46.28,169.85,52.0,1.99
89,Pokhara,80,NP,1552575535,63,28.21,83.99,51.75,2.48
90,Baripada,88,IN,1552575501,97,21.93,86.73,71.14,3.6
91,Bahia Blanca,64,AR,1552575525,64,-38.72,-62.27,72.9,10.42
92,Nanortalik,0,GL,1552575541,100,60.14,-45.24,21.73,33.24
93,Quatre Cocos,40,MU,1552575244,66,-20.21,57.76,84.2,10.29
94,Ribeira Grande,20,PT,1552573800,59,38.52,-28.7,62.6,20.8
95,Grand Gaube,40,MU,1552575544,66,-20.01,57.66,84.2,10.29
96,Cherskiy,32,RU,1552575550,0,68.75,161.3,-28.58,2.48
97,Lagoa,0,PT,1552575340,34,37.14,-8.45,73.0,13.87
98,Airai,92,TL,1552575555,92,-8.93,125.41,69.61,1.14
99,Tuma,0,RU,1552575557,83,55.15,40.55,23.17,6.96
100,Petropavlovsk-Kamchatskiy,40,RU,1552572000,72,53.05,158.65,17.6,6.71
101,Albany,40,US,1552575280,74,42.65,-73.75,46.99,6.93
102,Saskylakh,0,RU,1552575564,32,71.97,114.09,-22.33,7.63
103,Norman Wells,75,CA,1552572000,83,65.28,-126.83,-4.01,5.82
104,Vaini,8,IN,1552575568,40,15.34,74.49,80.28,3.15
105,Sabha,0,LY,1552575570,25,27.03,14.43,72.22,6.51
106,Collierville,90,US,1552575480,78,35.04,-89.66,71.6,19.46
107,Hilo,90,US,1552575566,93,19.71,-155.08,66.2,4.7
108,Ponta do Sol,0,BR,1552575577,85,-20.63,-46.0,83.52,3.71
109,Arraial do Cabo,40,BR,1552572000,70,-22.97,-42.02,87.8,8.05
110,Karwar,0,IN,1552575474,43,14.8,74.13,82.12,2.59
111,Beringovskiy,76,RU,1552575583,90,63.05,179.32,7.15,24.52
112,Saint Anthony,75,US,1552575074,72,43.97,-111.68,21.99,3.36
113,Ismailia,40,EG,1552572000,28,30.6,32.27,68.0,23.04
114,Fare,92,PF,1552575590,100,-16.7,-151.02,80.86,13.56
115,Souillac,90,FR,1552575399,87,45.6,-0.6,52.0,21.92
116,New Norfolk,20,AU,1552575555,66,-42.78,147.06,55.99,6.93
117,Pisco,75,PE,1552572000,30,-13.71,-76.2,71.6,5.82
118,Odienne,0,CI,1552575310,17,9.51,-7.57,99.45,9.19
119,Saint-Georges,20,CA,1552574786,79,46.12,-70.67,36.0,3.0
120,Pokosnoye,92,RU,1552575607,80,55.53,101.05,33.61,9.53
121,Zima,88,RU,1552575613,94,53.93,102.05,33.7,6.73
122,Bethel,90,US,1552573680,92,60.79,-161.76,28.4,6.93
123,Carnarvon,76,ZA,1552575628,23,-30.97,22.13,84.28,6.4
124,Port Augusta,0,AU,1552575548,68,-32.49,137.76,68.0,10.29
125,Blackfoot,1,US,1552575407,79,43.19,-112.35,25.0,12.75
126,Mar del Plata,76,AR,1552575636,72,-46.43,-67.52,60.93,9.08
127,Rurrenabaque,40,BO,1552572000,94,-14.44,-67.53,78.8,3.04
128,Plougastel-Daoulas,90,FR,1552575487,93,48.37,-4.37,53.01,20.8
129,Touros,75,BR,1552572000,79,-5.2,-35.46,86.0,5.82
130,Pasighat,64,IN,1552575632,79,28.06,95.33,61.96,1.36
131,Ancud,40,CL,1552572000,81,-41.87,-73.83,53.6,11.41
132,Beloha,0,MG,1552575659,40,-25.17,45.06,83.52,16.58
133,Vostok,92,RU,1552575661,98,46.45,135.83,22.81,2.15
134,Egvekinot,76,RU,1552575664,63,66.32,-179.17,-4.64,7.18
135,Srednekolymsk,36,RU,1552575666,72,67.46,153.71,-11.03,2.48
136,Aktau,0,KZ,1552573800,56,43.65,51.16,42.8,13.42
137,Oranjemund,76,ZA,1552575671,92,-28.55,16.43,64.3,15.68
138,Bambous Virieux,40,MU,1552575544,66,-20.34,57.76,84.2,10.29
139,Tura,80,IN,1552575677,58,25.52,90.21,70.6,4.72
140,Nikolskoye,90,RU,1552575635,86,59.7,30.79,30.99,11.18
141,Goryachegorsk,64,RU,1552575682,72,55.41,88.92,35.77,6.06
142,Corowa,90,AU,1552575682,55,-36.0,146.39,64.0,5.82
143,Mandali,92,IQ,1552575687,44,33.75,45.55,64.8,26.87
144,Oak Ridge,1,US,1552575685,53,36.01,-84.27,71.6,8.05
145,Hasaki,0,JP,1552574976,48,35.73,140.83,39.2,5.82
146,Yar-Sale,0,RU,1552575695,68,66.83,70.83,7.42,15.57
147,Shunyi,0,CN,1552573800,21,40.13,116.65,51.8,20.13
148,Hille,75,DE,1552575640,93,52.34,8.75,46.0,23.04
149,Kruisfontein,0,ZA,1552575702,77,-34.0,24.73,70.15,6.06
150,Bredasdorp,40,ZA,1552575649,64,-34.53,20.04,77.0,11.41
151,Acajutla,0,SV,1552575620,70,13.59,-89.83,77.0,1.01
152,Yatou,75,CM,1552572000,59,3.63,9.81,93.2,6.93
153,Mvomero,40,TZ,1552572000,36,-6.3,37.45,91.4,11.41
154,Bambanglipuro,32,ID,1552575713,95,-7.95,110.28,74.29,2.48
155,San Cristobal,75,EC,1552574762,77,-0.39,-78.55,60.8,3.36
156,Pativilca,8,PE,1552575718,95,-10.7,-77.78,73.75,2.93
157,Luganville,80,VU,1552575720,100,-15.51,167.18,80.14,7.52
158,Vao,48,EE,1552575722,88,59.1,26.19,38.47,10.54
159,Tuktoyaktuk,5,CA,1552572000,68,69.44,-133.03,-18.41,13.87
160,Trelew,92,AR,1552575727,100,-43.25,-65.31,58.0,14.0
161,Yeppoon,68,AU,1552573800,88,-23.13,150.74,77.0,3.36
162,Rio Gallegos,40,AR,1552572000,87,-51.62,-69.22,51.8,2.15
163,Caririacu,40,BR,1552572000,62,-7.04,-39.28,86.0,2.24
164,Ozernovskiy,44,RU,1552575737,80,51.5,156.52,18.9,3.04
165,Luderitz,12,NA,1552575739,79,-26.65,15.16,67.36,15.57
166,Kawalu,76,ID,1552575742,96,-7.38,108.21,67.9,1.92
167,Dalbandin,20,PK,1552575744,48,28.9,64.41,56.2,0.58
168,Rudnya,0,RU,1552575746,87,50.8,44.56,24.25,4.38
169,Pevek,0,RU,1552575748,48,69.7,170.27,-29.71,3.49
170,North Bend,1,US,1552575705,93,43.41,-124.22,39.99,2.48
171,Khuzdar,8,PK,1552575644,58,27.8,66.62,48.64,2.71
172,Vila Velha,75,BR,1552575600,88,-3.71,-38.6,81.0,10.29
173,Nome,90,US,1552575749,72,30.04,-94.42,71.01,4.7
174,Zhigansk,0,RU,1552575759,65,66.77,123.37,-8.87,2.48
175,Governador Valadares,12,BR,1552575621,49,-18.85,-41.95,92.52,4.5
176,Lasa,20,CY,1552575704,63,34.92,32.53,64.4,12.75
177,Mangai,12,CD,1552575766,89,-4.07,19.59,80.86,1.48
178,Sibiti,48,CG,1552575768,94,-3.69,13.35,78.75,5.61
179,Faanui,48,PF,1552575610,100,-16.48,-151.75,81.22,10.76
180,Bilibino,48,RU,1552575772,36,68.06,166.44,-25.21,1.48
181,Sambava,64,MG,1552575810,100,-14.27,50.17,81.45,12.1
182,Biak,68,ID,1552575812,86,-0.91,122.88,80.05,4.5
183,Riviere-au-Renard,90,CA,1552572000,98,49.0,-64.4,32.0,4.7
184,Tasiilaq,75,GL,1552571400,73,65.61,-37.64,24.8,5.82
185,Lompoc,1,US,1552575616,74,34.64,-120.46,51.01,6.93
186,Byron Bay,48,AU,1552575719,83,-28.65,153.62,75.2,9.17
187,Ngunguru,12,NZ,1552575787,94,-35.62,174.5,60.01,8.19
188,Pszczyna,20,PL,1552575701,69,49.98,18.94,48.0,17.22
189,Honiara,36,SB,1552575827,100,-9.43,159.96,73.62,2.04
190,Katsuura,40,JP,1552575071,88,33.93,134.5,42.8,5.82
191,Poum,90,MK,1552575600,80,41.28,20.71,39.2,10.29
192,Isangel,12,VU,1552575834,100,-19.55,169.27,81.04,6.96
193,Salvador,75,BR,1552575600,74,-12.98,-38.48,87.8,9.17
194,Broken Hill,0,AU,1552572000,21,-31.97,141.45,69.8,9.17
195,Mafeteng,75,LS,1552572000,41,-29.82,27.24,78.8,4.7
196,Torbay,20,CA,1552575801,85,47.66,-52.73,39.0,8.05
197,Nordby,75,DK,1552575566,100,55.45,8.41,45.0,12.75
198,Palmer,90,US,1552575648,100,61.6,-149.11,35.01,3.36
199,Kavaratti,0,IN,1552575850,99,10.57,72.64,83.83,12.44
200,Amos,90,CA,1552574340,97,48.57,-78.12,32.0,8.05
201,Bend,1,US,1552575828,85,44.06,-121.32,25.0,6.93
202,Havre,75,US,1552575677,92,48.55,-109.68,21.99,9.17
203,Mount Isa,0,AU,1552573800,41,-20.73,139.49,78.8,11.43
204,Aliwal North,88,ZA,1552575861,83,-30.69,26.71,67.09,3.04
205,Guerrero Negro,0,MX,1552575863,90,27.97,-114.04,47.2,5.39
206,Hovd,75,NO,1552575622,69,63.83,10.7,43.0,1.12
207,Shenjiamen,76,CN,1552575868,99,29.96,122.3,46.8,1.03
208,Kijang,0,KR,1552572000,51,35.24,129.21,46.4,1.12
209,Batagay,44,RU,1552575872,24,67.65,134.64,-17.29,2.93
210,Iqaluit,5,CA,1552575762,57,63.75,-68.52,-9.01,5.5
211,Cidreira,0,BR,1552575876,87,-30.17,-50.22,77.35,9.64
212,Virden,68,CA,1552575801,94,49.85,-100.93,27.45,14.12
213,Esperance,20,TT,1552575728,62,10.24,-61.45,86.0,16.11
214,Binga,0,ZW,1552575883,46,-17.62,27.34,90.9,2.15
215,Vardo,1,US,1552575863,64,39.62,-77.74,59.0,8.05
216,Malanje,20,AO,1552575887,90,-9.54,16.35,75.01,3.15
217,Hobart,20,AU,1552575718,66,-42.88,147.33,55.4,6.93
218,Juegang,12,CN,1552575282,79,32.31,121.18,51.01,17.47
219,Ilebo,8,CD,1552575894,65,-4.33,20.59,89.41,2.71
220,Geraldton,90,CA,1552572000,100,49.72,-86.95,33.8,8.05
221,Lahij,0,YE,1552575898,53,13.06,44.88,81.63,8.97
222,Hun,92,BE,1552575885,81,50.34,4.87,53.01,23.04
223,Two Hills,0,CA,1552575902,63,53.71,-111.75,10.3,4.94
224,Obama,0,JP,1552575881,89,35.49,135.74,37.0,2.37
225,Saint George,75,GR,1552575817,62,39.45,22.34,55.4,9.17
226,Cayenne,92,GF,1552573800,78,4.94,-52.33,82.4,8.05
227,Goundam,8,ML,1552575912,19,16.42,-3.66,93.19,7.4
228,Mulege,0,MX,1552575894,92,26.88,-111.98,51.7,6.4
229,Salalah,0,OM,1552571400,65,17.01,54.1,78.8,5.82
230,Darhan,36,MN,1552575918,48,49.49,105.92,31.77,7.07
231,Flin Flon,5,CA,1552572000,85,54.77,-101.88,15.8,8.05
232,Anzio,0,IT,1552575918,25,41.45,12.63,63.0,13.87
233,Santa Cruz,1,US,1552575922,86,36.97,-122.03,44.01,1.7
234,Port Lincoln,0,AU,1552575927,100,-34.72,135.86,59.98,8.19
235,Chunskiy,92,RU,1552575929,82,56.08,99.63,35.41,8.97
236,Pangnirtung,20,CA,1552572000,68,66.15,-65.72,-18.41,7.07
237,Parabel,92,RU,1552575934,96,58.71,81.5,32.98,4.72
238,San Borja,92,BO,1552575824,91,-14.86,-66.75,77.35,2.59
239,Vanavara,92,RU,1552575939,80,60.35,102.28,31.68,9.75
240,Kamenka,0,RU,1552575941,87,53.19,44.05,19.75,4.94
241,San Patricio,0,PY,1552575943,75,-26.98,-56.83,80.77,3.38
242,Itoman,75,JP,1552575788,59,26.12,127.67,66.2,11.41
243,Cabo San Lucas,5,MX,1552575716,71,22.89,-109.91,63.0,9.17
244,Tautira,88,PF,1552573800,83,-17.73,-149.15,75.2,4.7
245,Dodola,0,BF,1552575952,18,10.12,-3.28,102.37,7.4
246,Praya,75,ID,1552575600,94,-8.71,116.27,77.0,4.7
247,Lavrentiya,48,RU,1552575956,88,65.58,-170.99,22.5,24.85
248,Saint-Francois,92,FR,1552575655,81,46.42,3.91,48.2,16.11
249,Kailua,75,US,1552575906,90,21.39,-157.74,73.0,4.7
250,Corrente,0,BR,1552575963,48,-17.45,-44.68,91.8,1.59
251,Nelson Bay,90,AU,1552575615,93,-32.72,152.14,66.99,14.99
252,Udachnyy,68,RU,1552575967,74,66.42,112.4,8.82,5.06
253,Aykhal,56,RU,1552575969,74,65.95,111.51,8.37,5.73
254,Lakhisarai,88,IN,1552575972,63,25.18,86.09,77.44,7.07
255,Itarema,88,BR,1552576019,97,-2.92,-39.92,83.47,4.61
256,Ugoofaaru,0,MV,1552576021,99,5.67,73.0,84.33,8.63
257,Ijui,0,BR,1552575968,99,-28.39,-53.91,76.0,4.61
258,Laon,90,FR,1552575734,87,49.56,3.62,52.0,20.8
259,Patterson,90,US,1552576005,78,29.69,-91.3,79.0,11.41
260,Kumluca,0,TR,1552576031,57,36.37,30.29,51.79,1.7
261,Coihaique,75,CL,1552572000,71,-45.58,-72.07,53.6,8.05
262,Chebarkul,92,RU,1552576035,88,54.98,60.37,25.6,16.69
263,Zhezkazgan,0,KZ,1552576037,86,47.8,67.71,38.43,10.2
264,Seymchan,8,RU,1552576039,0,62.93,152.39,-29.3,2.37
265,Bollnas,64,SE,1552575944,75,61.35,16.39,37.98,3.71
266,Rantepao,32,ID,1552575842,99,-2.97,119.9,66.6,2.48
267,Doha,40,QA,1552573800,73,25.29,51.53,75.2,14.99
268,Bowen,92,AU,1552576022,94,-20.01,148.25,77.0,7.18
269,Coquimbo,90,CL,1552572000,87,-29.95,-71.34,60.8,2.24
270,Rio Verde de Mato Grosso,0,BR,1552575781,70,-18.92,-54.84,87.25,8.52
271,Chokurdakh,44,RU,1552576055,30,70.62,147.9,-20.53,2.93
272,Kulhudhuffushi,0,MV,1552576057,100,6.62,73.07,82.93,5.39
273,Daru,20,SL,1552576059,55,7.99,-10.85,94.54,4.05
274,Bowling Green,90,US,1552575839,63,36.99,-86.44,69.01,18.34
275,Talnakh,92,RU,1552576064,87,69.49,88.39,19.39,12.44
276,Sao Filipe,0,CV,1552576066,80,14.9,-24.5,75.42,15.23
277,Playa del Carmen,20,MX,1552575782,69,20.63,-87.08,82.0,17.22
278,Padang,20,ID,1552573800,94,-0.92,100.36,78.8,3.36
279,Saint-Joseph,0,FR,1552575946,25,43.56,6.97,66.2,16.11
280,Moroto,0,UG,1552576075,32,2.53,34.66,83.38,11.1
281,Lukovetskiy,75,RU,1552573800,79,64.29,41.92,21.2,8.95
282,Soyo,8,AO,1552576079,63,-6.13,12.37,90.58,8.52
283,Ahipara,20,NZ,1552576036,100,-35.17,173.16,61.0,4.16
284,Kasongo-Lunda,36,CD,1552576084,73,-6.48,16.82,81.45,0.58
285,Benemerito de las Americas,48,MX,1552576086,64,16.52,-90.64,79.92,3.04
286,Banikoara,12,BJ,1552576088,25,11.3,2.44,102.87,4.5
287,Ucluelet,90,CA,1552575926,93,48.94,-125.55,42.01,9.17
288,Sterling,1,US,1552576082,54,39.0,-77.4,61.0,11.77
289,Codrington,75,AU,1552576021,94,-28.95,153.24,75.2,3.94
290,Santa Quiteria,0,ES,1552575977,19,37.67,-1.69,70.0,4.7
291,Calahorra,20,ES,1552575904,41,42.3,-1.96,59.0,10.29
292,Peniche,0,PT,1552575751,32,39.36,-9.38,69.01,13.87
293,Muros,40,ES,1552576054,66,42.77,-9.06,63.0,9.17
294,Kathu,56,ZA,1552575677,31,-27.7,23.05,87.01,4.72
295,Comodoro Rivadavia,75,AR,1552572000,93,-45.87,-67.48,57.2,14.99
296,Chicama,75,PE,1552572000,88,-7.84,-79.15,73.4,10.29
297,Antalaha,56,MG,1552576113,93,-14.9,50.28,80.77,10.42
298,Tulun,88,RU,1552576115,85,54.56,100.58,34.69,8.41
299,Agdam,64,AZ,1552576117,80,39.99,46.93,46.08,8.63
300,Samarai,92,PG,1552576119,100,-10.62,150.67,75.91,12.21
301,Dekar,0,BW,1552576122,19,-21.53,21.93,93.1,12.44
302,Kattivakkam,20,IN,1552574031,55,13.22,80.32,86.0,8.05
303,Datong,8,CN,1552576126,38,40.09,113.3,33.12,15.68
304,Khash,8,IR,1552576128,31,28.22,61.21,51.12,6.4
305,Vestmannaeyjar,75,IS,1552572000,100,63.44,-20.27,33.8,16.11
306,Dicabisagan,88,PH,1552576133,100,17.08,122.42,71.41,2.37
307,Eyl,20,SO,1552576135,87,7.98,49.82,79.92,11.99
308,Sharjah,0,AE,1552575855,44,25.36,55.39,82.4,10.29
309,Moose Factory,90,CA,1552574220,93,51.26,-80.61,35.6,8.05
310,Eureka,90,US,1552575835,100,40.8,-124.16,39.99,9.17
311,Kulim,75,MY,1552573800,79,5.37,100.55,86.0,3.36
312,Raudeberg,40,NO,1552575903,56,61.99,5.14,43.0,3.36
313,Omboue,32,GA,1552576149,100,-1.57,9.26,79.33,6.4
314,Manicore,75,BR,1552572000,83,-5.81,-61.3,82.4,5.82
315,Virginia Beach,1,US,1552576110,58,36.85,-75.98,64.99,4.7
316,Puerto Madryn,92,AR,1552576155,100,-42.77,-65.04,59.85,18.81
317,Tres Arroyos,68,AR,1552576158,76,-38.38,-60.28,70.06,9.75
318,General Roca,0,AR,1552572000,37,-39.03,-67.58,66.2,6.93
319,Plouzane,90,FR,1552576087,93,48.38,-4.62,53.01,20.8
320,Baringo,0,KE,1552576164,56,0.47,35.97,76.5,6.62
321,Coihueco,0,CL,1552572000,71,-36.63,-71.83,57.2,12.75
322,Kamsack,1,CA,1552572000,79,51.56,-101.9,19.4,11.41
323,Nanakuli,1,US,1552575906,77,21.39,-158.15,73.0,6.93
324,Newport,75,GB,1552576088,81,51.59,-3.0,55.99,25.28
325,Madimba,75,CM,1552572000,59,4.42,9.93,93.2,6.93
326,Sao Joao da Barra,0,BR,1552572000,49,-21.64,-41.05,93.2,6.93
327,Goodlettsville,90,US,1552576150,68,36.32,-86.71,69.01,16.11
328,Hofn,90,IS,1552572000,64,64.25,-15.21,35.6,17.22
329,Paamiut,0,GL,1552576184,100,61.99,-49.67,21.87,30.11
330,Sao Miguel do Araguaia,12,BR,1552576187,100,-13.28,-50.16,84.19,3.71
331,Azul,8,AR,1552576005,100,-36.78,-59.86,68.89,5.5
332,Oschersleben,90,DE,1552576157,81,52.03,11.25,44.01,16.11
333,Kautokeino,88,NO,1552576193,83,69.01,23.04,20.47,6.96
334,Lexington,1,US,1552575957,56,38.05,-84.5,70.0,18.34
335,Anshun,80,CN,1552576198,98,26.25,105.93,47.43,6.62
336,Dingle,0,PH,1552576200,74,11.0,122.67,76.09,10.98
337,Kahului,1,US,1552575674,77,20.89,-156.47,69.01,5.82
338,Guanica,75,PR,1552575950,69,17.97,-66.91,84.0,9.17
339,Okhotsk,8,RU,1552576206,100,59.36,143.24,4.18,1.92
340,Mahajanga,40,MG,1552572000,74,-15.72,46.32,86.0,6.93
341,Namibe,20,AO,1552572000,39,-15.19,12.15,80.6,16.11
342,Naze,75,NG,1552572000,59,5.43,7.07,93.2,12.75
343,Bismarck,1,US,1552575862,86,46.81,-100.78,28.99,24.16
344,Perth,20,GB,1552576207,57,56.4,-3.43,51.01,18.34
345,San Policarpo,88,PH,1552576220,95,12.18,125.51,76.27,10.42
346,Mayor Pablo Lagerenza,76,PY,1552576222,85,-19.93,-60.77,81.13,12.66
347,Sidi Ali,0,DZ,1552576224,62,36.1,0.42,61.65,4.38
348,Arlit,0,NE,1552576227,46,18.74,7.39,89.86,4.61
349,Kovernino,8,RU,1552576229,90,57.13,43.81,20.25,6.17
350,Pathein,0,MM,1552575981,61,16.78,94.73,82.21,4.38
351,Elze,75,DE,1552576225,93,52.12,9.74,45.0,23.04
352,Walvis Bay,0,NA,1552575728,49,-22.95,14.51,73.4,12.75
353,Aripuana,8,BR,1552576237,72,-9.17,-60.63,88.38,3.04
354,Saldanha,0,PT,1552576240,35,41.42,-6.55,61.33,4.61
355,Neiafu,40,TO,1552572000,94,-18.65,-173.98,73.4,6.93
356,Waipawa,64,NZ,1552575256,94,-39.94,176.59,59.0,3.15
357,Balikpapan,40,ID,1552573800,94,-1.24,116.86,78.8,3.36
358,Vanimo,80,PG,1552576323,100,-2.67,141.3,81.9,19.82
359,Sisophon,64,KH,1552576326,76,13.59,102.97,78.79,3.71
360,Nemuro,20,JP,1552576328,97,43.32,145.57,31.0,18.59
361,Manokwari,92,ID,1552576249,99,-0.87,134.08,81.22,13.44
362,Vyshkov,0,RU,1552573800,45,52.48,31.69,42.8,15.66
363,Viedma,92,AR,1552576065,100,-40.81,-62.99,61.42,13.56
364,Severo-Kurilsk,64,RU,1552576336,99,50.68,156.12,28.3,10.76
365,Platanos,20,GR,1552576257,58,35.47,23.6,60.8,20.8
366,Gulbarga,100,IN,1552576341,30,17.33,76.83,87.48,5.39
367,Vagur,88,FO,1552576343,97,61.47,-6.81,45.31,14.79
368,Panama City,90,US,1552576257,83,30.16,-85.65,73.99,14.99
369,Camargo,76,MX,1552576348,23,27.69,-105.17,50.89,2.15
370,Khonsa,36,IN,1552576350,80,26.99,95.51,66.87,3.38
371,Berlevag,12,NO,1552571400,85,70.86,29.09,21.2,44.96
372,Blagoyevo,0,RU,1552576355,84,63.37,47.92,18.13,2.59
373,Kihei,1,US,1552576226,77,20.76,-156.45,69.01,5.82
374,Sestri Levante,0,IT,1552576347,58,44.27,9.41,57.99,9.17
375,Mayo,90,CA,1552572000,65,63.59,-135.9,32.0,9.17
376,Popondetta,88,PG,1552576364,96,-8.77,148.24,69.07,1.7
377,Port-Gentil,75,GA,1552572000,79,-0.72,8.78,84.2,6.93
378,Traverse City,90,US,1552576219,81,44.76,-85.62,55.4,8.05
379,Kokkola,90,FI,1552576113,83,63.84,23.13,35.01,12.75
380,Boddam,40,GB,1552576230,61,57.47,-1.78,50.0,20.8
381,Mbandaka,44,CD,1552576375,76,0.05,18.26,85.81,4.05
382,Bathsheba,40,BB,1552572000,66,13.22,-59.52,84.2,16.11
383,Pundaguitan,92,PH,1552576379,100,6.37,126.17,73.75,1.36
384,Kudahuvadhoo,44,MV,1552576299,100,2.67,72.89,85.77,4.38
385,West Wendover,1,US,1552571760,54,40.74,-114.07,30.2,19.46
386,Alofi,44,NU,1552572000,88,-19.06,-169.92,77.0,4.7
387,Aklavik,75,CA,1552572000,76,68.22,-135.01,-5.81,9.17
388,Clyde River,75,CA,1552572000,69,70.47,-68.59,-9.41,3.36
389,Yadgir,24,IN,1552576392,25,16.77,77.14,85.32,5.61
390,Saurimo,12,AO,1552576394,60,-9.66,20.4,83.83,3.6
391,Lensk,76,RU,1552576397,70,60.71,114.91,17.28,3.94
392,Parkes,0,AU,1552576389,33,-33.14,148.18,62.01,5.39
393,Channapatna,20,IN,1552576051,28,12.65,77.22,84.99,8.05
394,Wyszkow,20,PL,1552576332,86,52.59,21.46,50.0,16.11
395,Lahad Datu,24,MY,1552576405,94,5.02,118.33,75.6,3.38
396,Samaipata,92,BO,1552576407,99,-18.18,-63.88,68.26,3.04
397,Homer,90,US,1552576120,86,59.64,-151.54,37.4,13.87
398,Portland,1,US,1552576387,84,45.52,-122.67,37.99,6.93
399,Sulangan,0,PH,1552576415,98,11.14,123.72,82.12,18.7
400,Fairbanks,40,US,1552576250,62,64.84,-147.72,24.8,9.17
401,Altamont,92,CA,1552576226,93,49.4,-98.5,32.0,25.28
402,Komsomolskiy,76,RU,1552576421,82,67.55,63.78,17.23,13.11
403,Acapulco,5,MX,1552574700,54,16.86,-99.88,80.6,5.82
404,Escanaba,90,US,1552576197,100,45.75,-87.06,43.0,6.93
405,Westerland,90,NL,1552576385,81,52.89,4.93,51.01,28.86
406,Macia,48,MZ,1552576430,59,-25.03,33.09,83.65,14.0
407,Cabedelo,20,BR,1552572000,74,-6.97,-34.84,86.0,12.75
408,Oranjestad,40,AW,1552572000,74,12.52,-70.03,82.4,26.4
409,Kieta,88,PG,1552576437,100,-6.22,155.63,75.28,2.71
410,Provideniya,88,RU,1552576439,98,64.42,-173.23,26.86,27.09
411,Aleksandrovskiy Zavod,0,RU,1552576441,52,50.92,117.94,2.52,2.71
412,Sioux Lookout,90,CA,1552573800,92,50.1,-91.92,32.0,5.82
413,Tucupita,76,VE,1552576445,67,9.06,-62.05,83.29,6.06
414,Harbour Breton,20,CA,1552575950,100,47.48,-55.8,37.0,8.75
415,Chernyy Yar,75,RU,1552573800,79,64.44,40.96,21.2,8.95
416,Kaputa,44,ZM,1552576452,98,-8.47,29.66,72.76,3.15
417,Sillod,12,IN,1552576454,65,20.3,75.65,71.41,2.93
418,Klaksvik,80,FO,1552575000,81,62.23,-6.59,42.8,6.93
419,Saint-Philippe,90,CA,1552576390,87,45.36,-73.48,39.2,4.38
420,Zaterechnyy,0,RU,1552576461,50,44.8,45.21,44.86,10.09
421,Puertollano,0,ES,1552576349,28,38.69,-4.11,64.99,3.36
422,Kalevala,88,FI,1552576465,81,64.12,29.58,28.12,10.42
423,Port Macquarie,44,AU,1552576445,88,-31.43,152.91,71.6,5.82
424,Rio Tuba,12,PH,1552576469,93,8.51,117.43,80.68,9.75
425,Yamada,20,JP,1552576215,93,36.58,137.08,41.0,6.93
426,Valparaiso,90,US,1552576103,82,41.47,-87.06,57.99,9.17
427,Bagdarin,48,RU,1552576476,65,54.44,113.59,13.36,4.72
428,Evensk,0,RU,1552576478,100,61.92,159.24,-2.84,5.06
429,Emerald,56,AU,1552576322,83,-23.53,148.16,75.2,9.17
430,Jurm,44,AF,1552576483,100,36.86,70.83,22.05,0.69
431,Alexandria,90,US,1552575829,93,31.31,-92.44,73.99,8.05
432,Winnemucca,1,US,1552571760,78,40.97,-117.74,17.6,3.36
433,Pangai,92,TO,1552576489,96,-19.8,-174.35,82.03,21.72
434,Dakar,0,SN,1552573800,8,14.69,-17.45,95.0,17.22
435,The Valley,40,AI,1552575692,61,18.22,-63.06,82.4,11.41
436,Puerto Escondido,5,MX,1552570860,69,15.86,-97.07,73.4,6.93
437,Chapais,90,CA,1552572060,86,49.78,-74.86,30.2,12.75
438,Hastings,24,NZ,1552576270,100,-39.64,176.84,63.63,5.06
439,Akdepe,0,TM,1552573800,31,42.05,59.39,69.8,9.17
440,Mikhaylovka,88,RU,1552576505,92,52.96,103.29,35.37,5.17
441,Koutiala,0,ML,1552576507,22,12.39,-5.46,98.73,7.4
442,Kangema,0,KE,1552575657,58,-0.68,36.96,66.99,8.99
443,Kaeo,80,NZ,1552576336,100,-35.1,173.78,61.0,3.15
444,Edinburg,90,US,1552576205,78,26.3,-98.16,77.0,6.93
445,Harstad,75,NO,1552575727,68,68.8,16.53,33.01,5.82
446,Severomuysk,64,RU,1552576518,75,56.17,113.57,3.91,1.48
447,Vestmanna,64,FO,1552575000,81,62.16,-7.17,42.8,6.93
448,Najran,0,SA,1552572000,14,17.54,44.22,95.0,11.41
449,Diu,0,IN,1552576524,24,20.71,70.98,76.36,8.08
450,Killybegs,75,IE,1552576324,76,54.63,-8.45,48.2,21.92
451,Loikaw,0,MM,1552576528,73,19.67,97.21,65.29,2.59
452,Saint-Louis,75,CH,1552576518,75,47.59,7.56,46.99,24.16
453,Rawson,92,AR,1552576533,100,-43.3,-65.11,58.0,14.0
454,Moroni,76,US,1552576512,89,39.52,-111.59,30.0,2.93
455,Umm Kaddadah,0,SD,1552576538,8,13.6,26.69,91.17,11.99
456,Kilindoni,0,TZ,1552576540,95,-7.91,39.67,84.42,11.99
457,Porto Novo,75,BR,1552575600,69,-23.68,-45.44,82.4,2.24
458,Gamba,32,CN,1552576545,53,28.28,88.52,4.32,4.38
459,Whyalla,0,AU,1552572000,68,-33.04,137.58,68.0,10.29
460,Neuquen,0,AR,1552572000,37,-38.95,-68.06,66.2,6.93
461,Atambua,100,ID,1552576551,100,-9.11,124.89,74.29,2.15
462,Qaqortoq,75,GL,1552575000,79,60.72,-46.03,21.2,3.36
463,Amarante do Maranhao,36,BR,1552576556,90,-5.57,-46.74,83.88,3.49
464,Shimoda,36,JP,1552576511,59,34.7,138.93,42.01,4.0
465,Junnar,8,IN,1552576560,44,19.21,73.88,69.43,3.04
466,Alice Springs,20,AU,1552573800,14,-23.7,133.88,87.8,11.41
467,Berberati,24,CF,1552576565,69,4.26,15.79,87.16,4.05
468,Mackenzie,90,CA,1552572000,85,55.34,-123.09,24.8,10.29
469,Yangjiang,92,CN,1552576569,100,21.85,111.96,69.25,16.58
470,Tezu,88,IN,1552576571,88,27.93,96.16,58.36,1.7
471,Aksu,0,KZ,1552573800,92,52.04,76.93,26.6,8.95
472,Yozgat,0,TR,1552576576,54,39.82,34.81,53.82,3.04
473,Buala,8,SB,1552576579,93,-8.15,159.59,81.4,5.61
474,Zalantun,36,CN,1552576581,32,48.0,122.72,24.3,6.62
475,Blythe,1,US,1552576540,39,33.61,-114.59,51.01,11.41
476,Tyukalinsk,76,RU,1552576585,92,55.87,72.2,33.79,14.56
477,Wasilla,90,US,1552576569,100,61.58,-149.44,34.0,3.36
478,Baherden,0,TM,1552576590,68,38.44,57.43,59.58,0.92
479,Grindavik,75,IS,1552575600,80,63.84,-22.43,39.2,5.82
480,Nouadhibou,0,MR,1552572000,15,20.93,-17.03,87.8,16.11
481,Nakamura,20,JP,1552576446,96,35.17,136.87,44.6,4.7
482,Taga,20,JP,1552576461,65,35.21,136.34,44.6,13.87
483,Kaka,0,TM,1552576601,70,37.35,59.62,52.24,0.69
484,Beihai,0,CN,1552576348,40,38.95,121.19,39.0,2.24
485,Thinadhoo,0,MV,1552576605,100,0.53,72.93,84.19,2.59
486,Kayes,0,ML,1552576608,17,14.44,-11.44,97.06,9.08
487,Puntarenas,0,CR,1552575600,44,9.98,-84.84,78.8,10.29
488,Santa Maria,40,BR,1552572000,64,-29.69,-53.81,75.2,6.93
489,Apatou,88,SR,1552576617,64,5.16,-54.34,85.72,3.71
490,Vysha,0,RU,1552576619,77,53.85,42.38,23.8,3.49
491,Sabang,44,PH,1552576621,99,13.72,123.58,75.42,4.5
492,Nangomba,0,TZ,1552576623,65,-10.9,38.52,85.23,6.51
493,Rome,0,IT,1552576564,25,41.89,12.48,62.6,13.87
494,Sivani,0,IN,1552576628,72,22.09,79.55,68.62,9.75
495,Cermik,90,TR,1552575000,93,38.14,39.45,43.0,5.82
496,Bafoussam,36,CM,1552576632,37,5.48,10.42,84.33,5.06
497,Omagh,40,GB,1552573200,71,54.6,-7.3,50.0,20.8
498,Lorengau,92,PG,1552576513,100,-2.02,147.27,81.27,14.56
499,Karratha,44,AU,1552576639,51,-20.74,116.85,85.09,11.21
500,Cam Ranh,20,VN,1552572000,83,11.92,109.15,80.6,3.36
501,Sal Rei,0,CV,1552572000,39,16.18,-22.92,82.4,21.92
502,Carlisle,75,GB,1552576541,75,54.89,-2.94,50.0,27.51
503,Lethem,0,GY,1552576648,42,3.38,-59.8,92.29,13.0
504,Songkhla,20,TH,1552573800,78,7.2,100.6,82.4,4.7
505,Tecoanapa,5,MX,1552574700,54,16.99,-99.26,80.6,5.82
506,Koygorodok,12,RU,1552576654,68,60.44,51.01,23.13,4.5
507,Jaicos,92,BR,1552576656,94,-7.36,-41.14,79.33,4.16
508,Alcamo,20,IT,1552576558,67,37.98,12.96,60.8,24.16
509,Tucurui,92,BR,1552576426,89,-3.77,-49.67,79.15,2.04
510,Pedasi,0,PA,1552576483,91,7.53,-80.03,75.01,15.12
511,Gobabis,0,NA,1552576665,24,-22.45,18.97,88.02,10.54
512,Borovskoy,92,KZ,1552576667,91,53.8,64.15,36.13,20.04
513,Ayan,88,TR,1552576669,71,40.67,33.6,47.07,2.93
